-- category
INSERT INTO category (id, name) VALUES (1, '상의');
INSERT INTO category (id, name) VALUES (2, '아우터');
INSERT INTO category (id, name) VALUES (3, '바지');
INSERT INTO category (id, name) VALUES (4, '스니커즈');
INSERT INTO category (id, name) VALUES (5, '가방');
INSERT INTO category (id, name) VALUES (6, '모자');
INSERT INTO category (id, name) VALUES (7, '양말');
INSERT INTO category (id, name) VALUES (8, '액세서리');

-- brand
INSERT INTO brand (id, name) VALUES (1, 'A');
INSERT INTO brand (id, name) VALUES (2, 'B');
INSERT INTO brand (id, name) VALUES (3, 'C');
INSERT INTO brand (id, name) VALUES (4, 'D');
INSERT INTO brand (id, name) VALUES (5, 'E');
INSERT INTO brand (id, name) VALUES (6, 'F');
INSERT INTO brand (id, name) VALUES (7, 'G');
INSERT INTO brand (id, name) VALUES (8, 'H');
INSERT INTO brand (id, name) VALUES (9, 'I');


-- product
INSERT INTO product (id, category_id, brand_id, price) VALUES (1, 1, 1, 11200);
INSERT INTO product (id, category_id, brand_id, price) VALUES (2, 2, 1, 5500);
INSERT INTO product (id, category_id, brand_id, price) VALUES (3, 3, 1, 4200);
INSERT INTO product (id, category_id, brand_id, price) VALUES (4, 4, 1, 9000);
INSERT INTO product (id, category_id, brand_id, price) VALUES (5, 5, 1, 2000);
INSERT INTO product (id, category_id, brand_id, price) VALUES (6, 6, 1, 1700);
INSERT INTO product (id, category_id, brand_id, price) VALUES (7, 7, 1, 1800);
INSERT INTO product (id, category_id, brand_id, price) VALUES (8, 8, 1, 2300);

INSERT INTO product (id, category_id, brand_id, price) VALUES (9, 1, 2, 10500);
INSERT INTO product (id, category_id, brand_id, price) VALUES (10, 2, 2, 5900);
INSERT INTO product (id, category_id, brand_id, price) VALUES (11, 3, 2, 3800);
INSERT INTO product (id, category_id, brand_id, price) VALUES (12, 4, 2, 9100);
INSERT INTO product (id, category_id, brand_id, price) VALUES (13, 5, 2, 2100);
INSERT INTO product (id, category_id, brand_id, price) VALUES (14, 6, 2, 2000);
INSERT INTO product (id, category_id, brand_id, price) VALUES (15, 7, 2, 2000);
INSERT INTO product (id, category_id, brand_id, price) VALUES (16, 8, 2, 2200);

INSERT INTO product (id, category_id, brand_id, price) VALUES (17, 1, 3, 10000);
INSERT INTO product (id, category_id, brand_id, price) VALUES (18, 2, 3, 6200);
INSERT INTO product (id, category_id, brand_id, price) VALUES (19, 3, 3, 3300);
INSERT INTO product (id, category_id, brand_id, price) VALUES (20, 4, 3, 9200);
INSERT INTO product (id, category_id, brand_id, price) VALUES (21, 5, 3, 2200);
INSERT INTO product (id, category_id, brand_id, price) VALUES (22, 6, 3, 1900);
INSERT INTO product (id, category_id, brand_id, price) VALUES (23, 7, 3, 2200);
INSERT INTO product (id, category_id, brand_id, price) VALUES (24, 8, 3, 2100);

INSERT INTO product (id, category_id, brand_id, price) VALUES (25, 1, 4, 10100);
INSERT INTO product (id, category_id, brand_id, price) VALUES (26, 2, 4, 5100);
INSERT INTO product (id, category_id, brand_id, price) VALUES (27, 3, 4, 3000);
INSERT INTO product (id, category_id, brand_id, price) VALUES (28, 4, 4, 9500);
INSERT INTO product (id, category_id, brand_id, price) VALUES (29, 5, 4, 2500);
INSERT INTO product (id, category_id, brand_id, price) VALUES (30, 6, 4, 1500);
INSERT INTO product (id, category_id, brand_id, price) VALUES (31, 7, 4, 2400);
INSERT INTO product (id, category_id, brand_id, price) VALUES (32, 8, 4, 2000);

INSERT INTO product (id, category_id, brand_id, price) VALUES (33, 1, 5, 10700);
INSERT INTO product (id, category_id, brand_id, price) VALUES (34, 2, 5, 5000);
INSERT INTO product (id, category_id, brand_id, price) VALUES (35, 3, 5, 3800);
INSERT INTO product (id, category_id, brand_id, price) VALUES (36, 4, 5, 9900);
INSERT INTO product (id, category_id, brand_id, price) VALUES (37, 5, 5, 2300);
INSERT INTO product (id, category_id, brand_id, price) VALUES (38, 6, 5, 1800);
INSERT INTO product (id, category_id, brand_id, price) VALUES (39, 7, 5, 2100);
INSERT INTO product (id, category_id, brand_id, price) VALUES (40, 8, 5, 2100);

INSERT INTO product (id, category_id, brand_id, price) VALUES (41, 1, 6, 11200);
INSERT INTO product (id, category_id, brand_id, price) VALUES (42, 2, 6, 7200);
INSERT INTO product (id, category_id, brand_id, price) VALUES (43, 3, 6, 4000);
INSERT INTO product (id, category_id, brand_id, price) VALUES (44, 4, 6, 9300);
INSERT INTO product (id, category_id, brand_id, price) VALUES (45, 5, 6, 2100);
INSERT INTO product (id, category_id, brand_id, price) VALUES (46, 6, 6, 1600);
INSERT INTO product (id, category_id, brand_id, price) VALUES (47, 7, 6, 2300);
INSERT INTO product (id, category_id, brand_id, price) VALUES (48, 8, 6, 1900);

INSERT INTO product (id, category_id, brand_id, price) VALUES (49, 1, 7, 10500);
INSERT INTO product (id, category_id, brand_id, price) VALUES (50, 2, 7, 5800);
INSERT INTO product (id, category_id, brand_id, price) VALUES (51, 3, 7, 3900);
INSERT INTO product (id, category_id, brand_id, price) VALUES (52, 4, 7, 9000);
INSERT INTO product (id, category_id, brand_id, price) VALUES (53, 5, 7, 2200);
INSERT INTO product (id, category_id, brand_id, price) VALUES (54, 6, 7, 1700);
INSERT INTO product (id, category_id, brand_id, price) VALUES (55, 7, 7, 2100);
INSERT INTO product (id, category_id, brand_id, price) VALUES (56, 8, 7, 2000);

INSERT INTO product (id, category_id, brand_id, price) VALUES (57, 1, 8, 10800);
INSERT INTO product (id, category_id, brand_id, price) VALUES (58, 2, 8, 6300);
INSERT INTO product (id, category_id, brand_id, price) VALUES (59, 3, 8, 3100);
INSERT INTO product (id, category_id, brand_id, price) VALUES (60, 4, 8, 9700);
INSERT INTO product (id, category_id, brand_id, price) VALUES (61, 5, 8, 2100);
INSERT INTO product (id, category_id, brand_id, price) VALUES (62, 6, 8, 1600);
INSERT INTO product (id, category_id, brand_id, price) VALUES (63, 7, 8, 2000);
INSERT INTO product (id, category_id, brand_id, price) VALUES (64, 8, 8, 2000);

INSERT INTO product (id, category_id, brand_id, price) VALUES (65, 1, 9, 11400);
INSERT INTO product (id, category_id, brand_id, price) VALUES (66, 2, 9, 6700);
INSERT INTO product (id, category_id, brand_id, price) VALUES (67, 3, 9, 3200);
INSERT INTO product (id, category_id, brand_id, price) VALUES (68, 4, 9, 9500);
INSERT INTO product (id, category_id, brand_id, price) VALUES (69, 5, 9, 2400);
INSERT INTO product (id, category_id, brand_id, price) VALUES (70, 6, 9, 1700);
INSERT INTO product (id, category_id, brand_id, price) VALUES (71, 7, 9, 1700);
INSERT INTO product (id, category_id, brand_id, price) VALUES (72, 8, 9, 2400);

ALTER TABLE category ALTER COLUMN id RESTART WITH 9;
ALTER TABLE brand ALTER COLUMN id RESTART WITH 10;
ALTER TABLE product ALTER COLUMN id RESTART WITH 73;
